name,id,password
Cammy Teeney,cteeney0,gO5*OCZ54y2V
Harper Bidmead,hbidmead1,eX1+9PR)2#r@2V6Q
Hilton Cockren,hcockren2,sG9$K609N~8>gx*(
Geordie Jezard,gjezard3,"sL9""TDvEjydmG"
Marv Stilldale,mstilldale4,dG9'dgPRe'
Leilah Madgwick,lmadgwick5,lZ4<QnLBb
Payton Cambling,pcambling6,oT1@`NTL(
Otha Nuzzi,onuzzi7,rF3+4pK(hJga
Adore Glander,aglander8,dB7}>vt2WJxA=?
Tammara Wheeldon,twheeldon9,"lQ7?j,{*#"
Ozzie Aldis,oaldisa,cN3{9w{l'HhTKv
Leoline Mays,lmaysb,sL5_%`jlb
Paddy Duffitt,pduffittc,lE8!XKY<oH
Ewen Quilter,equilterd,"kS2""s?ljOuVIT"
Kare Fydoe,kfydoee,zD0\kStJ(8@e0Oz
Pall Geldard,pgeldardf,jO7@{lGOJ6~ky
Urbain Rankin,uranking,mS1.JtI\Se$n
Deane Robiot,drobioth,iA2/'`|d?ZJt
Michel Hast,mhasti,yI7~|1}#i9g'&
Pieter Oertzen,poertzenj,qG8*}.kw@fh7
Baron Oppery,bopperyk,cN5&XDD6Xf
Yolanthe Longrigg,ylongriggl,iJ6${uUnB_
Shaughn Dansey,sdanseym,fS6'8Q?zk'm
Belva O' Cuolahan,bon,dN7!1vqbcr(Kz\
Shirley Larrington,slarringtono,eY3%S(L4KeRbTbDb
Nydia Rosingdall,nrosingdallp,bZ4*a>XkI
Adela Bittlestone,abittlestoneq,yJ9?tpnHt&|!*L
Gabie Liddyard,gliddyardr,sY1?u(*Y
Patten Akitt,pakitts,wN1)NOZA*#0S=\
Alejandro Kwiek,akwiekt,yM1+4$s8EB'hN%?
Isadora Cartwight,icartwightu,kO9<q?_%Z
Clemmie Sharple,csharplev,lX4?\i*F
Agosto Greensitt,agreensittw,"pE7,=e5Z"
Dolph Nelthrop,dnelthropx,qD6<N'&I%u7'gd1a
Jeramey Leather,jleathery,"zR5*}yhF""X"
Galvan McLay,gmclayz,iI8>cb1vMT.MD/AX
Winnie Kitchinham,wkitchinham10,cQ9#_p(z%5
Carlotta Clendening,cclendening11,eG1'&mz+OAu2/F
Electra Henderson,ehenderson12,hZ3=mtJL_F|Wli&+
Cherey Lay,clay13,"vQ2)x\,s@E.p.snP"
Gladi Ruggs,gruggs14,pY0#tK5Pl
Lilah Merida,lmerida15,mW0&g}@Ro*sp?V
Don Noice,dnoice16,"bZ3~@,6!k'H<"
Joleen Derks,jderks17,kF1{>|h03hOG
Jaimie McMoyer,jmcmoyer18,mG9~H@tx}>vhEt
Raffaello Biskup,rbiskup19,"jV4,P9179>GY{"
Knox Attewill,kattewill1a,"bU5}Rb/""86W6pW'5"
Natty McGeffen,nmcgeffen1b,eW4=KR>f
Shauna Grishukov,sgrishukov1c,vU2?obE$g
Phylis Bedome,pbedome1d,wH1*q4NH9V6oMIE
Hewie Rodenhurst,hrodenhurst1e,mL5`j=yKtAbt
Meredithe Watters,mwatters1f,"kT5\SV{"""
Phelia Leversuch,pleversuch1g,jD3>hOy&d=Iz
Fania Langthorne,flangthorne1h,oR7~TvTq8dS1>*>
Whitman Finessy,wfinessy1i,rE1<Ny8y
Kevon Cours,kcours1j,lD9&&7Ks%
Aeriel Vass,avass1k,yI2@!|/WLjo*i7
Laverne McGonagle,lmcgonagle1l,"iE8""""/dep"
Tracey Beecraft,tbeecraft1m,"pI8#dcuS{F,|"
Cinda Stowers,cstowers1n,kB1#TCE6<K545
Carita Blampy,cblampy1o,"uH6}""?3'@"
Janith MacClancey,jmacclancey1p,"nD2*q(lZ,"
Demetre Jahns,djahns1q,tP2{%qkq
Sherm Ramet,sramet1r,"wJ7'I1,lv6FeY"
Jamaal Brewett,jbrewett1s,mE2`_U%G#z
Hildegarde Brilleman,hbrilleman1t,"iG0,ii7%}8<O!"
Maye Darree,mdarree1u,"jQ1_/,(Ma4@v"
Ernesta Darbishire,edarbishire1v,uE7@p!AH
Raff Thorsby,rthorsby1w,"aP0@=EDu~""ym@H"
Marthe Ungerecht,mungerecht1x,zO8<+2M6IhZq4
Allyce Moyes,amoyes1y,tL8?i%KRB
Kingston Skim,kskim1z,"tG3*0O""yEma"
Chevy Coniam,cconiam20,vX3_DGTIXj4R%ANH
Freddy Stebbings,fstebbings21,mB9@2M7WrKakSFE
Sula Arias,sarias22,vT0(OvZ\fSL9G>>&
Penni Gittens,pgittens23,qR3)}mSxmpBA#Vi
Micheil Ayton,mayton24,sB7#q(O>
Gerta Luesley,gluesley25,pQ2!l(TEE|xxb7U
Leigh Crackel,lcrackel26,"fQ0!N8%Y,B"
Christophorus Beneteau,cbeneteau27,qR5`OmN<{/cmN
Welsh Seaman,wseaman28,iR5!Z$Rxe
Selig Gullefant,sgullefant29,"hA1),.KgEbX)h"
Linn Muckersie,lmuckersie2a,gI9=q&bR
Burnaby Mordey,bmordey2b,fW0!07L%Kfcl50
Daile Dober,ddober2c,rG9=sVl5mCwR1S
Abigail Talboy,atalboy2d,sZ7('c/E}kjT7L@j
Katalin Pullar,kpullar2e,fR2#Hy+0<
Sigrid Smeath,ssmeath2f,iQ3|Mf|OUUVzm
Marya Gimbart,mgimbart2g,zS2?SW@q
Anthea Hendriksen,ahendriksen2h,vA1%LKEJYa@$
Carrol Novotne,cnovotne2i,hL5%gh>n
Hatty Hebblethwaite,hhebblethwaite2j,"jW5`y""!HwrCta#~"
Tabbie Gwinnell,tgwinnell2k,"dZ7>9D7dDH,"
Missie Coggings,mcoggings2l,"xH3}UIiu""QW\"
Freddy Spere,fspere2m,sH6_E~(|UQ6.ozy>
Deana Cowell,dcowell2n,"qY4(w<,c>9DY#l"
Ivonne Chaffer,ichaffer2o,uW7>*P`}
Irwin Estcourt,iestcourt2p,tH3$na=Hje
Tomasina Poppy,tpoppy2q,"sH6$ab0!+<r""~"
Gretel Boyall,gboyall2r,xI2!KXQ.
Carolus Batham,cbatham2s,"qY1#c,}?j_r"
Jillayne Renshall,jrenshall2t,zJ9/vw5j@a
Shelia Clow,sclow2u,xP9!MGL1c
Adham Howford,ahowford2v,fC4\OU*SxL
Hermina Bromidge,hbromidge2w,uZ1?e1s%`D/MW!@
Dewain Gannon,dgannon2x,dD3&s%H5
Jeth Rozanski,jrozanski2y,"wM0+CHDbo,X"
Thornie While,twhile2z,"lR6)uG9F""7cA.vTF"
Dieter Cellone,dcellone30,jI4%?\)2w&n<\}
Rikki Edmand,redmand31,mJ5#E31Ai
Charlene Byrd,cbyrd32,"zF7""r|3!Pqu+=QO"
Pierce Arson,parson33,"rD9(,4p9S6bm{H"
Eleanore Posner,eposner34,vU5|!+kYmg|
Bud D'Aguanno,bdaguanno35,kZ8/XADnrMGK3IM{
Chico Oleksinski,coleksinski36,zY4_`ev(Cbc
Erhart Gatherell,egatherell37,mS1*_GD)q+w0d/
Mureil Tooze,mtooze38,kL3>8`poO
Benji Farrent,bfarrent39,iD3)$(Yr0J~j
Peder Snedden,psnedden3a,tS9{0Y#qmasJMC1
Kalila Goggins,kgoggins3b,yT8)Q2('qjw}D}`
Sibby Pirson,spirson3c,lU1~nAm/
Jerrie Readings,jreadings3d,"kB3?`""Dnp#0!{"
Ronald Heddan,rheddan3e,pW1@}z6+0=o$
Dian Chilcott,dchilcott3f,iO5=_~I_3+ZI
Bradan Sitford,bsitford3g,"kV8~Zp<'V""\p&Ik"
Elsey Filipczak,efilipczak3h,"nZ5)8=n@|'G""XrHR"
Vasilis Gillhespy,vgillhespy3i,"bP7(,?9!\'"""
Rosabelle Giacobelli,rgiacobelli3j,zU3`.mBWN.{_z.mn
Vassili Lodwig,vlodwig3k,"gW5}|,+ShwkT"
Lacie Mant,lmant3l,vL9*}#K>41
Danice Boydle,dboydle3m,nZ2&V)Oy!3!XN
Wolf Macek,wmacek3n,cE2_3(Vtl=ba
Giralda Benedikt,gbenedikt3o,dD4.s*QJW{@e2
Dorene Bellhouse,dbellhouse3p,wH9((GC|LK
Gannie Sheddan,gsheddan3q,xP3`nx01\5DI
Pris Pigne,ppigne3r,tY6|dA<Z
Madella Dansken,mdansken3s,oR4>RA1wg*}M
Meryl Ronnay,mronnay3t,"zE9,Cf37"
Brigit Abrahamian,babrahamian3u,"vW4!`n,+r"
Jorgan Desporte,jdesporte3v,sI1.kj1Bz/u6
Berty Mc Caughen,bmc3w,"qJ4\c)79A"""
Ilario McCloughen,imccloughen3x,"xX2#,SQ%9.uIS4B"
Shurlocke Matisse,smatisse3y,mE6#YPhn2e+i
Raeann Antley,rantley3z,kL2*c<f{
Zaria Hammer,zhammer40,vT2/)_fN
Birk Walthall,bwalthall41,"nI0,pc~_au5kK"
Haily MacKay,hmackay42,"jV5,wxiB"
Gabriel Bowdery,gbowdery43,kZ1&in7y{)
Cleavland Ibbitt,cibbitt44,mX8')z{ApSH/d\K
Karlotta Bosma,kbosma45,"vU2#""CGArS,,uX"
Briana Petrenko,bpetrenko46,iO2/kkJu
Tasha Paolacci,tpaolacci47,jO8%?Qp\JoK_0?
Eva Chettle,echettle48,kJ7%.EWi.
Goldi Toope,gtoope49,"jY7_8,VJU9xnCsDd"
Delcina Ayling,dayling4a,mA9/tw'!YsmRv
Townsend Skilling,tskilling4b,qG3~K=vtt'EA*mD=
Waylin Fantini,wfantini4c,gP3'JRSfaT~
Jacobo Irnis,jirnis4d,sQ7*oC{N
Shaun Dansken,sdansken4e,jL7)=mFRVEX
Waldon Loveitt,wloveitt4f,xL8*!~8yg%6
Malinda Mebius,mmebius4g,hN2=bbAE)B%sK
Nanice Empson,nempson4h,"mW1`uf9,lr>?6G"
Goober Hucke,ghucke4i,vI7/r8@>zWg~Q
Ella Kobu,ekobu4j,pF1/998&$)sxXz\x
Meredithe Swabey,mswabey4k,tV9<T+/8JPQ>l`%
Meredith McConaghy,mmcconaghy4l,kM9$>3eAvZ
Elena Estable,eestable4m,qN1+OYQq@C
Cornell Rockhill,crockhill4n,tG2_&j27+1!
Vanni Agett,vagett4o,rD0%C')N@sS1
Quinta Dresse,qdresse4p,"qI1<V|M""<"
Jermain Screwton,jscrewton4q,gK6~N8{7)UVh
Shae Gorriessen,sgorriessen4r,dV5~1t&QzwcM(b
Clovis Ruegg,cruegg4s,"eY4,`k8yW0Lo"
Aleen Tayler,atayler4t,xC8}gEZsTRGW
Rosaline Colquit,rcolquit4u,vT6#dovWn+5JagU
Herrick Leason,hleason4v,hO4>2!N.
Tiphani Halbeard,thalbeard4w,fS7?$l)nLtG2w2
Salome Legge,slegge4x,yE4{u$9H
Malissia Chrstine,mchrstine4y,eV1/Svj1
Jessica Pitkins,jpitkins4z,kQ7=HYw~.ApYGvH9
Krystle Hegarty,khegarty50,oJ1!2V@Zy
Emelen Woodwing,ewoodwing51,iS7&cx_6f&4oG485
Tobie Knight,tknight52,"jT6&Fl1,5G+""~"
Fredelia Greatland,fgreatland53,hW8@538IZHDrW'bx
Noland Merriman,nmerriman54,oL9/L~~GNGhHG1O
Ulrike Waterstone,uwaterstone55,xZ0/(j$_Z
Valentina Pietranek,vpietranek56,gC4'2x`WAz&*6w
Nell Kobiela,nkobiela57,"uD1(bS8WUPV""3"
Wallace Marston,wmarston58,"nJ6,>6F~{vK"
Greg Ineson,gineson59,xF7*GqF|EUgA
Alexandros MacMechan,amacmechan5a,"gZ6=~A,_"
Caprice Rennebach,crennebach5b,zQ8$%<#=YlEt0Z{
Daveen Seleway,dseleway5c,xH5!8W\47'T9+|2)
Claudius Heimes,cheimes5d,"uP4,r(I5Gn?w><5"
Morganica Granville,mgranville5e,sT6{LDm{
Jilleen Spellessy,jspellessy5f,gE5+!!t3{aE/wX
Gracie Godman,ggodman5g,cS3(9cqWa{5GHm0
Hillary Wickwar,hwickwar5h,eB1<DZnw(25g
Marlow Barlie,mbarlie5i,pB6=T.Ux
Raff Bryer,rbryer5j,cH1/FYe6m
Jerrie Gaitley,jgaitley5k,dN3&z?aRZ1Al
Emmye Harrad,eharrad5l,dA5+sL.?DQ'
Idalia Dance,idance5m,xE2+rDb)S&G<}0C
Merilee Clutheram,mclutheram5n,mN2@B4vk\qMrYB
Conn Roofe,croofe5o,"lH4=,wtf=TFaK4."
Timotheus Lyngsted,tlyngsted5p,"sW9|Ji,L{P"
Rey Birkhead,rbirkhead5q,yI9@{4F*Y
Torrance Jermey,tjermey5r,bP8*{fVES
Any Darkins,adarkins5s,"aH4`\A}`#1*2u""d"
Rudolfo Becken,rbecken5t,tN6/#21g
Salomo Flawn,sflawn5u,"uF6,>=8D=""s*S5Vv"
Allina Blaney,ablaney5v,"zR7?D0}5OQ"""
Anica Mayne,amayne5w,lP4{Kpa)0\
Shae Carrane,scarrane5x,bW6%BU8DSqv>X
Rosalia Bignold,rbignold5y,mB9_BOM4k_
Maurita Linnard,mlinnard5z,aX6|=eZppcQb
Victoria Elloy,velloy60,xZ1=e$}Ij8B?!vz
Garvin Choake,gchoake61,"uL6?,O&,wVm(4"
Simone Broggio,sbroggio62,"vU0%u9<T9Y,PO"
Mandie Tadman,mtadman63,gC9&3<c5.WZQV%a
Anatole Mabbs,amabbs64,yL5!gq_bvi6
Damien Issacof,dissacof65,fE0?n~5Ldw6?p*
Marty Coote,mcoote66,pB7$Xvl1
Malcolm Bloxsome,mbloxsome67,lT0*sVu5l4aC8R
Kalle Eskrigge,keskrigge68,"hF6@YwG,rl"
Mohandis St. Queintain,mst69,dQ9#*>=CQDaWyHTf
Maximilian Mutton,mmutton6a,xC7}O@=<fIi@
Vanna Stitfall,vstitfall6b,pS0=5RPHJ
Marwin Raymond,mraymond6c,"rO6}3~L'%G""*p"
Jenifer Ruskin,jruskin6d,aC1=VaSXyId
Gillian Brandino,gbrandino6e,"vN3~dV_SK,F4>"
Cortie Colleer,ccolleer6f,bY2|QsH)
Kevyn Brunelleschi,kbrunelleschi6g,"zN1,*{Rg%JtWd"
Kirstin Mowett,kmowett6h,fB5\p>2p|d*Oe~~
Kirbie Hegerty,khegerty6i,rI2_|!7p\CM+3
Trina Colliar,tcolliar6j,pC1<j_@JS=hk*eW
Page Neiland,pneiland6k,qH2?dYNn|K0f@
Boot De Hoogh,bde6l,hG7_UM@xe
Gardiner Chamberlen,gchamberlen6m,vC6/35Q|ySVs
Ricki Traves,rtraves6n,"lB0$,(Rg0%Nv"
Shaylyn Gittins,sgittins6o,qR9|4a(7hoYXywb
Liana Lessmare,llessmare6p,nT5$$R_okN4f
Florian Ingerman,fingerman6q,gO6%)P)i7
Vivianne Crosdill,vcrosdill6r,sB4@O/6L/
Tadd Braganza,tbraganza6s,fL9`/+1L#sR?
Brynn Berthelmot,bberthelmot6t,"bU7,((K~BV.hsZrO"
Cobb McCurt,cmccurt6u,cS1>4m.nCq6
Kattie Start,kstart6v,lK5?Di}g
Romy McKane,rmckane6w,qL8)<M7nS!0&9
Berthe Langtree,blangtree6x,lZ5?N8!='6Vg
Aliza Cristofanini,acristofanini6y,lD7%MRsk
Alon Baird,abaird6z,"oA6!%~9iup$6,"
Dorene Martensen,dmartensen70,cF3+%9H(p_}
Gene Whittock,gwhittock71,gL7|a.E70
Curtice Aird,caird72,hH4}IogLW
Guinna Juszkiewicz,gjuszkiewicz73,eN5/QORQ
Conny Polland,cpolland74,kK2!OV4~5_N0Ykb
Frannie Keppe,fkeppe75,"oB1!qF0fBhjC!j"""
Elden Bore,ebore76,iE1&yQItcVBa$S
Luce Anthonsen,lanthonsen77,aF1(11p`)
Keefe Feldbaum,kfeldbaum78,sO1}VZ@Bj{x
Jude Doni,jdoni79,pP9/TtbVVR&<yfoN
Happy Provost,hprovost7a,eX2*~&5&
Sammy Colleford,scolleford7b,"fK3/\""q,"
Nanette Airey,nairey7c,"mL5/+s,LEbV>yQH2"
Netty Tatlowe,ntatlowe7d,yP5'u6HGe1
Randy Faircloth,rfaircloth7e,eL1'ycWei.n*){x
Olivette Le Hucquet,ole7f,cF2+vIZq83
Brina Pescud,bpescud7g,hI6_dWpsl<
Perry Biaggioni,pbiaggioni7h,gQ6&2Ukh
Reidar Trubshawe,rtrubshawe7i,hS3+qZ2q7Hi
Rudyard Tomkies,rtomkies7j,"wW7<Z6m@#&,st0i"
Tedmund Aikett,taikett7k,hE1`=._%'2?BseV
Yale Noice,ynoice7l,"yQ3_A,%#MHd%kjw"
Zora McQuorkell,zmcquorkell7m,"mC2'xq,_"
Hannah Ullrich,hullrich7n,zW3'<Y7rvVnt%8|
Haslett McAusland,hmcausland7o,"wF8)(""iu!I3,&=v"
Clarinda Aronson,caronson7p,"pQ4),on)$U."
Ashlin Shemming,ashemming7q,mS2'TMH`Vu<
Denni Duke,dduke7r,"jC9|3nwa,'A%ZCF"
Cacilia Reasun,creasun7s,xB1{n}lCak@~!Q
Lurline Cadell,lcadell7t,mM6)FU4GI
Portie Safont,psafont7u,"rH3#+usD|P<5""1/"
Bondy Almak,balmak7v,iH4>k{DYBV
Harmon Tissington,htissington7w,"xC2@`Y,}F??Vd8$"
Kort Bellringer,kbellringer7x,nE3&GCXd=1I&
Mariejeanne Matiashvili,mmatiashvili7y,lV4!1nK|2
Ambur Buckles,abuckles7z,tC8`_3n62\A5/
Gwendolyn Borkett,gborkett80,cM2)LPqG
Kellyann Mitchenson,kmitchenson81,yC4.8Kcn
Coraline Rolin,crolin82,kD0)LH*0d
Orson Falk,ofalk83,xT8'LVt>AA/}y
Alyce Giuroni,agiuroni84,"eY9<gM,f9*n36"
Lissa Tomsett,ltomsett85,vZ5|JVbscj
Kaia Loachhead,kloachhead86,mZ1/LLN(#RaLXXhB
Randall Urlich,rurlich87,uX7%%}@b0
Marline Bruhke,mbruhke88,cV5+|7AC
Marleen Ferencz,mferencz89,"cN2""UO=vr1B@@RG"
Cordelie Libreros,clibreros8a,bN4|_Lh39Zu2N+D
Mireille Alleyne,malleyne8b,nI4@ohQiV
Clyde Colling,ccolling8c,tZ3(S.0I
Avery Pennaman,apennaman8d,aB4%e|H*T~X~S
Sophey Paoloni,spaoloni8e,"uB7|6b,0Vg_cKtjj"
Artemus Reboulet,areboulet8f,fM2+gQ5=Tp{J
Shep Kunkel,skunkel8g,"qB3!.q""%<?gY"
Quent Cosbee,qcosbee8h,uH7>DADCrC>
Phaedra Lukes,plukes8i,"bA9~ew2""#|I25Y"
Jae Potzold,jpotzold8j,qK4?&k{S|suD0e/
Quinta Baine,qbaine8k,"mQ7%ZYa'GPjWD#,"
Adorne Kibel,akibel8l,nT1@Jn'.chA_8=wH
Aubree Dunsford,adunsford8m,nP3.+!DB!**Ke
Eugene Lawey,elawey8n,fO2~JO8nJ
Theadora Sewell,tsewell8o,"bM9~,3?&"
Elbert Waiting,ewaiting8p,lZ6{1+4ek
Kora Gawith,kgawith8q,"cP0?c1J|""v\w2UM"
Elena Clarage,eclarage8r,xR5%9#1K
Florenza Manuelli,fmanuelli8s,fE0}5WfQ67%g
Dag Issacoff,dissacoff8t,"eD1,9rDnou"
Bobbee Brightie,bbrightie8u,nB4%tlelA2m
Ari O'Doherty,aodoherty8v,"cO8,=3CY4j"
Earvin Baudic,ebaudic8w,"nR5,PkWM1+.p*ce"
Maxy Schulke,mschulke8x,zY9_0)nmL!lhC6Z
Dick Bolens,dbolens8y,"eY6""""|jBJ"
Simone Senogles,ssenogles8z,nS5}C~zlsn&V>
Wenda Billyard,wbillyard90,yF8(KNEmCHw$Sq
Tait Caswell,tcaswell91,nM2'>hd|'Nev
Creighton Tremblett,ctremblett92,fS7@v\k6\vC
Kelley Hamel,khamel93,"cZ2#%h,xU#Cf5V>"
Walt Langrish,wlangrish94,vQ4<gfNd1
Trueman Speechly,tspeechly95,oY6=eT4S
Kennett Greg,kgreg96,iB6!)T&L#gA5iYyc
Nicko Sigmund,nsigmund97,"nC9}O@""|zw{bQ4!"
Darell Dellenbrook,ddellenbrook98,vF2`Z*!CJh
Valentina Wordley,vwordley99,"jU9$..pDf,<lL"
Catrina Kobpac,ckobpac9a,gF3`'HQ>y
Isiahi Juhruke,ijuhruke9b,bY1+g$QzSV8
Antoinette Graddon,agraddon9c,hL2!#Sb#X
Shina Stetlye,sstetlye9d,aG1%s6pb#.JiM#/
Kay Deeming,kdeeming9e,xP8{<|Ni|0Z
Terrye Angeli,tangeli9f,lE7(bhTR
Adrea Jacobovitz,ajacobovitz9g,uQ9{wQ+LHK<3YjK
Whit Klimaszewski,wklimaszewski9h,fV1!!cGr(%
Roxy McNickle,rmcnickle9i,"dU0#k?Z),|,xRsv8"
Magdalena Ovenden,movenden9j,zS3}6m~<
Terrijo Enterlein,tenterlein9k,qO8_5\yi
Brinn Kunath,bkunath9l,dN1<}b\jbdxD?\
Ara Lynock,alynock9m,mP5'_tx8no1#I7C(
Heath Michelet,hmichelet9n,wS7'$hq}`TX`FjnC
Carleen Fenn,cfenn9o,dY6<!\KiOYC
Nydia Janse,njanse9p,"aY2}FPy""~0"
Jamil Laughnan,jlaughnan9q,cS2>(8@o1q<%
Alisun Stanhope,astanhope9r,rQ9&XQ.OiT|lF19
Rhett Brunon,rbrunon9s,gZ7'bBKv
Lisle Nudde,lnudde9t,yC7'E7~'{@LS
Tuckie Holehouse,tholehouse9u,pW7{.'5#8A{JY
Carmen Gerdes,cgerdes9v,sA4$%vke
Ellene Patching,epatching9w,"aU7,y,Qs=@9X"
Candice Bossons,cbossons9x,mB9)9N``w8uox<2%
Amos Coulthurst,acoulthurst9y,xH4*||M$>
Norry Danielian,ndanielian9z,zE5_j@dUqU
Megen Calltone,mcalltonea0,"lN9,ji16rLRsvGro"
Nataniel Sextie,nsextiea1,hL5.9$*K5
Silvia Fishley,sfishleya2,"mZ1.=,#L"
Hurleigh Tregidga,htregidgaa3,tA9$_'~pTv?98dv'
Lawrence Comben,lcombena4,"zE6%,""C!%"
Arel Gobeau,agobeaua5,"dP6""rMdD"
Curtice Jancik,cjancika6,wG2%~RB+X\PMOGY
Janene Fourman,jfourmana7,qT8/du?O'7zBZ
Sissy Johnys,sjohnysa8,uE2>/ye%k=6
Clarance Pichmann,cpichmanna9,wT4+skWG*'p
Dolly Ridpath,dridpathaa,xP6``cc~'C~3
Baron Cartmel,bcartmelab,"fT9,?c=HQG!6Jb"
Klement Ghiron,kghironac,hO9)UsI1}/FRV
Wendall Gartshore,wgartshoread,aZ0`mzlj}
Catrina Boon,cboonae,tD0*nKx~`u<!T_
Consuela Wigginton,cwiggintonaf,"aM5_Vv,sh("
Bart Sherington,bsheringtonag,vR1{EQZ6KH
Van Crennell,vcrennellah,qY4*aX3HO3NEt'
Perle Snoxell,psnoxellai,zM8{4f%5Z0ddSG
Alexine Bathurst,abathurstaj,"aT4|~r8""1XXx"
Selig Marshall,smarshallak,uA4!6=(/0./a=>l
Dorie Roots,drootsal,pH4?F`j@y\Hq9=D
Claudine Laybourne,claybourneam,tQ2_l?pK_N
Coralyn Couser,ccouseran,gQ4`PC9%8
Lenka Dale,ldaleao,iO7*S2PI#RW_~.|
Bettine Beddingham,bbeddinghamap,"eK2%1BC,rV""&"
Thornie Tibalt,ttibaltaq,iF3&O/Xv>f
Kirk Lebourn,klebournar,"oX0/e`~MWT&)""NVH"
Yovonnda McCullogh,ymcculloghas,xT3{bM#*J/QD
Murdoch Almey,malmeyat,qR2~7Gr+W?'
Oralle Dowzell,odowzellau,mC4|03}wKE*%7\
Fredra Snap,fsnapav,jH4/'\vh
Giulia Haydn,ghaydnaw,jL5/O2WI'P.
Stanislaw Broomfield,sbroomfieldax,"nH9,!aI?~M9QS"
Karine Belf,kbelfay,qX4/+){$C)N2RMH
Kylie Pickett,kpickettaz,fY4&u7tt%
Augusto O'Calleran,aocalleranb0,nT2)IG`jvb}%
Mechelle Wardingley,mwardingleyb1,wJ3|#Z4/>8<h9
Rip Markl,rmarklb2,mJ7{$.enIGn}E6*
Isabella MacCartair,imaccartairb3,vJ8=jHhiY
Benedetto Hallede,bhalledeb4,bW9<ch1p~k8.CD<
Chris Carriage,ccarriageb5,"zW8=""~\@rstA"
Windy Gibbieson,wgibbiesonb6,yB1)#ExT3$?o31C
Modesta Leeder,mleederb7,lN8_*DK>>U
Bay Davison,bdavisonb8,kA8?HEJ@E)sBYU
Brady Edwardson,bedwardsonb9,"aH0$.(.c{,eg&(j="
Dara Jacobowits,djacobowitsba,sD3|61)VB3I7.|\
Wit Saw,wsawbb,"jH8>$&""(w(sqD"
Eleonore Linn,elinnbc,rB2*.)cJ$j1tX
Ozzy Freschini,ofreschinibd,fO5!B>(H!rH
Hetti Statersfield,hstatersfieldbe,eI4\x\2W6b3ek
Candy Neubigin,cneubiginbf,xP2{`>~8
Nesta Wardhaw,nwardhawbg,mO3>IVAXGvH
Noel Shepherd,nshepherdbh,sU1%CGz8tls
Candice Dumbrill,cdumbrillbi,"oB5\/&'y&,"
Gennie Schoffel,gschoffelbj,uG1?x+=M85LGQbzR
Alley Murcott,amurcottbk,sN5<sE44_%
Lorrayne Goodanew,lgoodanewbl,mI3!osF{g5slrg}3
Tomasina Farahar,tfaraharbm,gD6$`%A7lc{S
Fonzie Davidovsky,fdavidovskybn,mC9>agdnycze&p
Clem Leyzell,cleyzellbo,gU5)S0z#qe=
Alis Clutten,acluttenbp,hL6$qHcZL*c0co
Giacopo Redshaw,gredshawbq,"rE9*YsZXN""KN.A"
Carmencita Tindley,ctindleybr,"uU1%+%,Z"
Ynez Crossan,ycrossanbs,uF7(WDqLguUqNC
Bond Softley,bsoftleybt,lD1$hciJ~e&+#f$W
Aube Karlsson,akarlssonbu,bM5{#)DmBwg!m
Grenville Barroux,gbarrouxbv,"fY2,W2Fc"
Zorine Hunnicutt,zhunnicuttbw,pC4~i!w%
Edgardo Dewane,edewanebx,hP8%Bv7p~
Archer Haselgrove,ahaselgroveby,tX9>j_v@B+ng5
Claudina Corker,ccorkerbz,"rY0/_h|"""""
Sara Adlington,sadlingtonc0,yG8\7t&Erba2EE
Esmeralda Dedden,ededdenc1,sC3>t.s+&36
Dallas Law,dlawc2,aN0)d7Q!@
Sallee Skoate,sskoatec3,vA9{HHyh{
Hermine Morse,hmorsec4,uU5_cv%deO
Wendeline Darnbrook,wdarnbrookc5,"nD4{e,tS"
Dorolisa Carlens,dcarlensc6,wQ8\CJ0/O<
Marty Brimmicombe,mbrimmicombec7,"eS4\""g}9IxQ?u"
Grace Gobeaux,ggobeauxc8,"jI5!DsLH`,\MrJI"
Derby Bartrum,dbartrumc9,gG8_!X&G@'#S8Of
Dennison Bywater,dbywaterca,lR4=0)_M9+
Bink Yeowell,byeowellcb,jF9#5Cu$
Pietrek Aylin,paylincc,fZ0!_=b$3F=m
Gerrard Ajam,gajamcd,jT8&xGNA
Liliane Cassar,lcassarce,wN1)ZfwM85QWC
Sandy Ottee,sotteecf,uU3\0eUXtZ@a}/
Graig Scally,gscallycg,cH1`lSFX1aV
Malory Torel,mtorelch,"oT4|=Ui&6,"
Sibelle Asbrey,sasbreyci,zK7{W4Qt
Kimmi Jacop,kjacopcj,"kK2`""}VXW~sK6L"
Isahella Coltart,icoltartck,mQ7?'gT74A+YJSH8
Hildegarde Kinchington,hkinchingtoncl,"uE4~\3e,RZA<#"
Inessa Vibert,ivibertcm,oL3\b6R+APS)mk+
Merilee McCreery,mmccreerycn,mY2(J!@)
Arlie Volker,avolkerco,pM4_#GSb5{RzBN
Lilia McMenamin,lmcmenamincp,fJ4+V(+8
Allistir Cleevely,acleevelycq,fC4#n{kKpEiNM!xR
Gina Levison,glevisoncr,zV0=RhPYZU14+Z~`
Jimmy Swallow,jswallowcs,wI4$Ajg0/kg<*
Marcel Teasdale-Markie,mteasdalemarkiect,wW7%rDTXd>C
Zachary Curner,zcurnercu,bD7(Y~2~iURQ
Herculie Popham,hpophamcv,mA8|k|Fy?
Bail Algate,balgatecw,cX6@(J1gjo5NMm5
Wolfy Neissen,wneissencx,eG9*{zBt
Giles Dury,gdurycy,yI1>=S$X
Verney Corah,vcorahcz,vN2#lVI_
Kenna Sallery,ksalleryd0,jS4'?uuQ>r
Ceciley Pfertner,cpfertnerd1,aG1=&cGu=yPc
Madlen Money,mmoneyd2,yS8<$cF){EN8
Gertruda Melbourne,gmelbourned3,uW9~KUCoW&f
Gussy Clarke-Williams,gclarkewilliamsd4,"nP5+U""193x0|&"
Aguste Purslow,apurslowd5,tC0|bz2nDG
Bess Nottram,bnottramd6,zU3!\MVKM&
Zack Potter,zpotterd7,"kW7""of~7'YEE"
Norris Dyke,ndyked8,"gG0_""v4="
Reggis Sedgemore,rsedgemored9,gJ4`iR>b8
Estele Corben,ecorbenda,dD0/CfM7?<)
Gayle Lutas,glutasdb,"cN1,ob5Jp(L>P"
Belia Mintoft,bmintoftdc,mU7_X&$rd14Z
Iosep Pauley,ipauleydd,"yG3""e</`mvVE2vgw"
Judye Standering,jstanderingde,zZ1$J0TB_<`!
Welbie Aucock,waucockdf,gI6!u4G)'v
Evangelia Serginson,eserginsondg,yH5`2|Rz5
Raffarty Keaves,rkeavesdh,wB4\iMekw>&f
Fenelia Beverage,fbeveragedi,qJ2|Z*FB*+7U.
Hasty Humfrey,hhumfreydj,"dM3,""(5/$5gIWUU@"
Khalil Winchester,kwinchesterdk,fS4%9Mw(D<'zm
Tull Harrower,tharrowerdl,lM1+~VI?
Thebault Shakesbye,tshakesbyedm,"oF8,G{nD@o8YF4"
Bennie Gwalter,bgwalterdn,rH5!mj3kux?>gc
Vernice Swancott,vswancottdo,aM0\g+pt`\Ed{L+d
Abel Puzey,apuzeydp,dM4.YEn4@cT)
Marcelia Domke,mdomkedq,kY3|7CU.<
Edin Rosberg,erosbergdr,aE0+Y=G{='7\N=
Maura Daventry,mdaventryds,dI0'3~lW
Cece McKellar,cmckellardt,oP4~gji+j?uGm
Aguie Peete,apeetedu,rI5/ewA$P)<q
Towney Filasov,tfilasovdv,pI2+Z&IivcQSNw(D
Ari McGarrell,amcgarrelldw,oN9+dg<JYaX
Paulo Brayson,pbraysondx,vR1}C16f<OL
Nomi Ionnidis,nionnidisdy,"dG6?e$zEirKjI"""
Hanny Morriss,hmorrissdz,"zZ6!!WF2T0\""TZ"
Leighton Grund,lgrunde0,zM4)LvoaC>
Anet Tooth,atoothe1,yA3/Dqwm
Milty Shimmings,mshimmingse2,tV1`pi$A+0O.
Creighton Ricardin,cricardine3,gE6_e(9yHz
Clemente Klehyn,cklehyne4,sM6(3\V!2y#\F5~
Elita Ganford,eganforde5,pE5~!LyfKlAVF}
Anita Neeves,aneevese6,qQ0'mBWn(<{
Candie Gilliver,cgillivere7,zG2'P/C6\(
Arturo Screach,ascreache8,yC2|(T~L'9p>C
Stacy Fetherston,sfetherstone9,qB0`'x7!fsy
Lelah Rodolico,lrodolicoea,bF1?B*{vH.++)t
Brig Baythrop,bbaythropeb,"iA0//fKgQ""_'"
Tory Winridge,twinridgeec,pJ7&${rS5k7R/6M
Nady Benedite,nbenediteed,pV9+0.>?Kb<Ll_2
Eadie Whissell,ewhissellee,"qM0,VDc,*WU"
Iormina Gavaran,igavaranef,pY3~.sg<Bp
Antoine Rasor,arasoreg,mA8%g`)u
Bartolomeo Cansdale,bcansdaleeh,wI7*eJ+Jwy6
Derk Potier,dpotierei,xU7#|k5<VxR.o
Teddy Gudyer,tgudyerej,wX8$qi|oCuf
Mauricio Petyanin,mpetyaninek,vQ1+(YQo&6eY\kp
Alfie Farryn,afarrynel,"rC1""2#L."
Julissa Ellul,jellulem,dX8%=8lc+J
Anna-diane Baddiley,abaddileyen,dM8)2vn=pQ4s1W\?
Angeli Beneix,abeneixeo,mH7|&So2|
Darrell Emmerson,demmersonep,oV5%Q\6274rg420P
Molli Hurworth,mhurwortheq,dK1'}dnx
Roland Kenford,rkenforder,"hW1""x+ylQv|x{jkp"
Dorothy Blakesley,dblakesleyes,pB5.s0kXQ
Ediva Pickless,epicklesset,"hI7=_(>,>2E"
Meridel Swales,mswaleseu,fV0&00(j
Annadiane Jehu,ajehuev,gP3*nn|<M
Iain Bargh,ibarghew,nG8=ZM*C!{55)<hi
Menard Phoebe,mphoebeex,"hW6""6QmI."
Alaster Alexis,aalexisey,mM5?}+*ho6i
Tiena Antonat,tantonatez,qV5_y&BuO)'v
Shawnee Lindholm,slindholmf0,gB5~9{pH_96E9)R2
Trista Stoad,tstoadf1,rI8%euwg8k
Raf Ellaway,rellawayf2,tK3$V2+=#%
Tobie Andriessen,tandriessenf3,vG2<QCpVl
Jemmy Ianson,jiansonf4,rY3!R>Ema4CP
Auberta Glidder,aglidderf5,"cQ0(5gwn@&PUqT},"
Gertie De Moreno,gdef6,"qA3(,n=X6JJ2{"
Myrah Pengilley,mpengilleyf7,dC5&.!dyp.QW
Courtnay Hailwood,chailwoodf8,"vU9\*Q""'8"
Winston D'Onisi,wdonisif9,eU0.dGr#s
Guillema Angood,gangoodfa,bU4'N*Ca+$oS
Livvie Roach,lroachfb,mW2%hqG}&vq
Miranda Kinleyside,mkinleysidefc,"bJ3/RV,hiH+50"
Sherie Inchan,sinchanfd,"zV3,!GsW?'>{GQ&"
Bax Peachment,bpeachmentfe,pY1+\Y>gdg
Rodger Knotton,rknottonff,vZ5'o_5P1i62*D
Renate Welman,rwelmanfg,eS5`nHHe)D`U
Verile Offner,voffnerfh,"jJ5{~/ny+""H"
Cleopatra Newens,cnewensfi,hG5!(C!%ac
Marisa Crowley,mcrowleyfj,rO5<NZW_#
Virginia Bordes,vbordesfk,"pI5<)|""3ho"
Waly Andreia,wandreiafl,"pQ6.Go*""?26X}h"
Alford Allanson,aallansonfm,"yR3,lUrm"
Brandy McInility,bmcinilityfn,"yQ0%IZd+$Sc}u4,"
Martica Baser,mbaserfo,eN8}**rg1
Leigh Casella,lcasellafp,pO0`e<gTo7k
Melinda Kumaar,mkumaarfq,"oP2_F.8"")'hCR"
Alexandra Toller,atollerfr,lJ1{7.+2J@
Erhard Tuckett,etuckettfs,"yB9?oKH>p#fi$En,"
Hervey Warke,hwarkeft,wU3=9K8rg//(
Kippar Chominski,kchominskifu,gB3_K+@~T
Barbra Streather,bstreatherfv,sN5@{F.{I%$3
Hynda Ghio,hghiofw,dS4(l$Ij8dO_
Zacharia Ciraldo,zciraldofx,"oP2(""gS~<_fxOq%"
Midge Iacovides,miacovidesfy,pK4)pUVrYQ/f_g~S
Reynolds Boulger,rboulgerfz,uX4%Fw''vIhq/
Stanislaus Hakeworth,shakeworthg0,"lJ6~CfS?vKL,>}"
Sebastiano Avrahamy,savrahamyg1,cJ8|y@6?
Cathe Flint,cflintg2,zE2.*ulo
Misha Emery,memeryg3,uK7`I0X'8w
Simon Sivier,ssivierg4,hL8'zRUsmv#&$8
Camel Noblet,cnobletg5,xA9_\S>4\FiA*JD
Dacia Hassin,dhassing6,nS6*@O+dP0l
Jerrylee Attride,jattrideg7,sV5>$(PI1J
Erskine Mitchall,emitchallg8,"cP0*P\?W2""F"
Garold Briatt,gbriattg9,bA8.Z$}Ph
Sharity Hawket,shawketga,cF8?cf_$GJ
Nedi Corkel,ncorkelgb,"yU2$xHh""oS2\IP"
Emilia Connachan,econnachangc,"zK3%0Vu8M.k""KI"
Em Bache,ebachegd,zF6%.Kd0
Laurent Bernaciak,lbernaciakge,vU2|WL@#Shv'
Josy Keir,jkeirgf,dK4{p'Q_*y1L_a
Adelind Daton,adatongg,iZ9$\xDxb$UlP
Delilah Voase,dvoasegh,rD9)+jejo9\S
Mariquilla Consadine,mconsadinegi,xN3%Y=eM'Jf
Kennedy Hiorn,khiorngj,tZ9%H`VwWD7
Lorraine Dowbekin,ldowbekingk,bX9@(vJ/k9
Cyrillus Ashman,cashmangl,cQ0#/gowOp
Pebrook Rouse,prousegm,bI4&>s87j
Der Valero,dvalerogn,rV3$Z6)v
Malia Grieswood,mgrieswoodgo,dR8\VwoOQ0
Tobye Baumber,tbaumbergp,rS0%Ql9=m`*vQ%#W
Herbert Warner,hwarnergq,eW7\Qsm3&)s.?b
Russell Ballintime,rballintimegr,"sC9\vW""+"
Kathrine Pollak,kpollakgs,"jR7)iP,uO<A(22&"
Norma Izakoff,nizakoffgt,aR5?P@oYL)N
Loree Giroldo,lgiroldogu,hL8#Y@r7n=2L4+
Kara Hubert,khubertgv,hO7#0nNF9QIx7
Abelard Hubbucks,ahubbucksgw,mU2`vPcv=lj
Fancie Drakeford,fdrakefordgx,eT9|$t{Ip
Dasie Popeley,dpopeleygy,gS3<M1V''iRn
Ossie Gyford,ogyfordgz,uF8}p*xK.B#Z#
Dorris Monini,dmoninih0,bQ0~%\VbG}
Henrieta Demeter,hdemeterh1,iZ7(h*(p'Q
Jordon Bemlott,jbemlotth2,cB7~/Z5WiJ$7n#(f
Jecho MacKellar,jmackellarh3,eL3)2r/jkwO)6
Oliviero Corington,ocoringtonh4,"jU8{MWY%p,'"
Isidor Wike,iwikeh5,"jI7""./IAHT3}sJr"
Laurens Jaspar,ljasparh6,"rL4""|N!w"
Hagen McGillicuddy,hmcgillicuddyh7,hH1+WgE165&%|}4
Wileen Whitbread,wwhitbreadh8,aX3}W&D8{+_3W==F
Lowrance Erratt,lerratth9,rA4~kJ#kFN`+J*+Z
Etan Basso,ebassoha,zN3@m&YA7/\BG<
Daisie Saffen,dsaffenhb,oO3#N!=!bMqmo1
Bonni Northbridge,bnorthbridgehc,tT1}%qG<1N
Claudina Rubinfajn,crubinfajnhd,iG4\R*#whI_
Alleen Maneylaws,amaneylawshe,fE5(A8%@sdgYq@nf
Elana Mackrell,emackrellhf,cY8@Ztern
Lindi Geany,lgeanyhg,gV5}_LlB!8>eC
Anissa Bim,abimhh,dN6=$z_RB+qz6C
Bill Abrashkov,babrashkovhi,"yS0=9A""JOW#3Lp1h"
Brinn Marjoram,bmarjoramhj,uK6*SaAd
Quent Petrus,qpetrushk,"rU9.O,Kf3w@d'Bi"
Blinni Mitskevich,bmitskevichhl,rI3=#Tq4k
Ketti Ranaghan,kranaghanhm,zG3!90nv
Kellen Moughton,kmoughtonhn,mQ7{Y>w1132jeU1
Mallissa Lummus,mlummusho,yK2@dMR~.ogx4
Fawnia Menilove,fmenilovehp,tC0~\sqWW9J
Freeman Thrasher,fthrasherhq,eF4~0o@YvdCQ/E2
Sterling Borris,sborrishr,kA7=XjBT)p~T
Ibbie Belliss,ibellisshs,tJ7?OLeh`
Benedicta Robley,brobleyht,"uP1<}zP|A){H,wG"
Neille Drohan,ndrohanhu,sV6.MLm!M(T`gmp
Care Avrahamian,cavrahamianhv,hJ5>D269ZKh\
Lyndsay Courtman,lcourtmanhw,cD2.Q!MH
Gretchen Beynon,gbeynonhx,mG4`excDV4f8B
Row Tohill,rtohillhy,hL6{c2Z3_0JmS
Suellen Curtis,scurtishz,hI3/MuTi>O6y+6
Phillip Robjents,probjentsi0,kE2+67a@i2Z%#o
Arnoldo Pixton,apixtoni1,"bR0""eWCoy?%'"
Ancell Hankin,ahankini2,oF4?qJM<mw!+rCl
Adena Olijve,aolijvei3,"zF6,_7w}j"
Claudio Yarrall,cyarralli4,"uX8_""#&>`"
Leigh Blinder,lblinderi5,"gM1,v+61>'f5"
Pren Frarey,pfrareyi6,nB4|3cB\nuqo|#
Flo Rugieri,frugierii7,"eG7|%a{5,m7P7"
Sal Stonelake,sstonelakei8,"qX5`b,3q"
Lorri Scorthorne,lscorthornei9,iW0#\y/C%/L{
Adore Dozdill,adozdillia,wY8}Y+fBaB.X
Craig Hanshaw,chanshawib,"jE6""KdzBQ,(1"
Carolus Skey,cskeyic,tK3@=.()EXbi&_Fy
Odelia Merveille,omerveilleid,lF5}a*AIg
Giacomo Element,gelementie,iU3.$PU~(
Ad Clack,aclackif,"jM8+7T$S,afLI@C7"
Mikey De Freyne,mdeig,vU8.M`&VC
Althea Pursehouse,apursehouseih,wM3\D1{r
Bevin Van der Brugge,bvanii,eH5$vYs=L(A1KdX
Phaedra Kirgan,pkirganij,aD7~$5_0j4Q\_T
Latashia Glasspool,lglasspoolik,uT9)0%6Kxux
Glyn Goldsberry,ggoldsberryil,"rJ5(2r?(""r_O2K1"
Gradeigh Tandey,gtandeyim,gJ9@@I`3Cfeg
Loy Osband,losbandin,wC9{Wi4%'8
Gracia Mazzilli,gmazzilliio,hX0~C+4RK
Donny Symmers,dsymmersip,"yB8,ceA}QAocyiH"
Claudelle Birnie,cbirnieiq,kZ9.|u{`6%*f#=
Ulysses Juppe,ujuppeir,aT2(<7I29S*.<
Anette Tennison,atennisonis,"gJ6,=w3iY/nX?@|w"
Charmain Imlacke,cimlackeit,lG0?x4xXwe
Karolina Newbegin,knewbeginiu,"vN5$@""ru"
Jard Gamett,jgamettiv,tD1?Hy2R_
Thibaud Padley,tpadleyiw,uQ8)*sX|W
Nettie Jerrome,njerromeix,iE6&XTh/p`EX`I
Lamond Huddles,lhuddlesiy,"rY5?9,ZW*."
Ruggiero McCard,rmccardiz,jU3=lo|IrSiUT
Viola Chazotte,vchazottej0,bC0%P2MDD3{
Kristofor Janiszewski,kjaniszewskij1,"nN3|?_L,hE*JrM"
Carmine Sellwood,csellwoodj2,"rI2""/Y.`B\mx"
Annetta Robrow,arobrowj3,kJ7_MnKe.$<XUA
Charmane Vanezis,cvanezisj4,yO9<Lc.2
Enrichetta Howle,ehowlej5,"iH8(,Xlz>"
Hadley Antecki,hanteckij6,cI3?8khXCzjLqHC
Alon Binks,abinksj7,rE8+Hb1H\>
Krista Simonou,ksimonouj8,"hT9#,mOMC%>#"
Nelli Statersfield,nstatersfieldj9,zL2+sASqwMXx
Bronnie Muckersie,bmuckersieja,"tZ5""?5+)gX!"
Reed Mayer,rmayerjb,uW7_/ZhrlRNOBt
Alida Jobb,ajobbjc,sM0'ccz~
Curcio Alfwy,calfwyjd,"hB6|z%Ot,Edi2>"
Salvador Quarterman,squartermanje,pQ5/gsr!#~C
Tomkin Milkin,tmilkinjf,iY8\v$QsR&M?hw
Armin Jerisch,ajerischjg,dV3=AWc*bi
Wilbert Hilbourne,whilbournejh,kF6=kA)Qz\8
Anabel Stang-Gjertsen,astanggjertsenji,uI8*CPY}hU
Onfroi Igglesden,oigglesdenjj,aL5&?@lG
Umberto Nolan,unolanjk,cO2.$}e0_O#wET
Kent Sykora,ksykorajl,hL6'yR.k7?wo_#
Antonietta Wadelin,awadelinjm,"wP4(j'""/5!1!"
Tybalt Bampford,tbampfordjn,xA9>TRDhJD
Anselm Reichhardt,areichhardtjo,"pM6,HIaRh'R"
Kimmi McIlvaney,kmcilvaneyjp,xM2@(g=5F
Koenraad Duell,kduelljq,pD0\@3I(e*PM8YkT
Kincaid Ilewicz,kilewiczjr,hE9%Rl(+
Afton Cressor,acressorjs,"uX8~~GCg""6dv"
Billie Greschik,bgreschikjt,vX6|!o(u#U/z)w
Theresina Brangan,tbranganju,tH9}CiyE
Kristian Ainslie,kainsliejv,"xN7(i,`2H}"
Jaquith Slocket,jslocketjw,eH4>9CgU%5\w'
Lavinie Mendez,lmendezjx,eR8&}`&N
Lizabeth Exall,lexalljy,"xH0/F""si"
Dudley Cornelisse,dcornelissejz,iV2+Q7fcVoHd@
Mikel Whittet,mwhittetk0,iP1<&qCR#9#n!<p
Aundrea Boyles,aboylesk1,iJ7.0g0!i7
Roseanna Holstein,rholsteink2,rE0!LZtfEbF
Winston Brennand,wbrennandk3,"hZ8=""(c|TclWXP("
Moreen Keasey,mkeaseyk4,tW4)%Vq@
Petey Lesley,plesleyk5,yZ3?)\GocS|cO=GN
Phoebe Dunabie,pdunabiek6,zK2#8RbC)8
Dara Brazur,dbrazurk7,vH2!nX`wwSbym%a
Annaliese Agnolo,aagnolok8,vV6/!s}lsW
Larisa O'Bradane,lobradanek9,"sB5\c`w`a\>I,"
Nadia Timberlake,ntimberlakeka,"dG7}RPWY`?s""1_R"
Matthiew Collaton,mcollatonkb,cZ8\}cOg4
Karissa Earengey,kearengeykc,vE6`@uwtj
Boy Pavlenko,bpavlenkokd,"gZ5""UMoe"
Vic Whillock,vwhillockke,mZ5(tEmZ}C8O
Dannye Lissenden,dlissendenkf,"aQ2?M{t"""
Yorke O'Doireidh,yodoireidhkg,"tK6)RbT,G7U=dyF"
Patty Pegler,ppeglerkh,aD9\rQzN|f|L@
Rebbecca Craister,rcraisterki,zY5\IJ7r
Amory Licari,alicarikj,sU9?8kvu>K&`<
Gaspard Maase,gmaasekk,"iK2*9<{x)j+""+"
Carney Digginson,cdigginsonkl,yA7.dBhd
Lucais Aupol,laupolkm,"kC2,g+{T~"
Deny Tewkesberrie,dtewkesberriekn,bH2/cw)o
Benito Yurikov,byurikovko,kB0$CH<YE\o|8KJU
Adria Rotlauf,arotlaufkp,oX7~uUHGgY{
Jorge Hake,jhakekq,tU3@5KXy879_l
Hadley Cutting,hcuttingkr,"oS7}f""Olz<)"
Weston Rosettini,wrosettiniks,"aW0>L6w"""
Dorrie Valsler,dvalslerkt,jI3(GR?v#m/y)G}
Kin Whiterod,kwhiterodku,xJ8\=pM~
Glynn Kestell,gkestellkv,oR7'4<#f2*0
Tanny Becken,tbeckenkw,nL7'T(N9jB2GL
Laurent Ellum,lellumkx,cR3_i$`E}N/@HD
Hughie Dunsleve,hdunsleveky,cO4|XqLSLA~UjB
Layton Wraight,lwraightkz,"zF3,I\>EESX*B+"
Julie Hain,jhainl0,"wL1<)'//lU+a,4nc"
Fionnula Schultheiss,fschultheissl1,"eH5,#GK/p"
Garreth Schole,gscholel2,gB9*GW?SQj
Ema Chavez,echavezl3,"vP6+Ue!c/VxV""B"
Blinnie Valentinetti,bvalentinettil4,"qP0""7*lIP"
Amelita Alsopp,aalsoppl5,fV7'zm4E%.nzp|7
Shelley Dwine,sdwinel6,dA9(%2Ld1`C~
Gregoor Roggero,groggerol7,gR0$`>Ignk6%9'
Hoebart Seson,hsesonl8,sX6+@{4g\sJo/nz
Jodi Riddoch,jriddochl9,pJ7.!Q'z`23W}*
Gage Waterhowse,gwaterhowsela,"vR7"">xo'd/"
Kacey Ranns,krannslb,oD7/`+f}<gg&
Aymer Watkinson,awatkinsonlc,tJ3#/uK~O
Marve Benez,mbenezld,tI3)YftSFfuQyCy
Sofia Cohalan,scohalanle,rU0%9q8C
Brynne Moralis,bmoralislf,yY7\T~IU)
Johnette Willoway,jwillowaylg,xH1'S7~n_<hS'
Trina Rolles,trolleslh,yG3(v/E>*%pG
Kilian Blewitt,kblewittli,"oD0#4Aq}fy,8"
Oona Bonallick,obonallicklj,dR8)u#Swa
Whitman Lesley,wlesleylk,zU9'fJSJwqA}F5@$
Bordie Hoodlass,bhoodlassll,nW7\b\*8(h
Christabella Sidnell,csidnelllm,cH4@K{qj5\Wv8B1
Rosana Heinsh,rheinshln,hC9!bn{d
Dari Ecclesall,decclesalllo,lZ9/g.QO.>oj|Gj9
Amalita Exer,aexerlp,aZ0_ut+_%
Sibby Oxenham,soxenhamlq,mQ1+Fl?8`tOO~=M3
Gail Lowles,glowleslr,jA6=QOyh
Gwen Jennery,gjenneryls,vI2/}zni|o
Adham Kilmary,akilmarylt,"aY1\,%e8mT8ZZ%(>"
Astrid Gawen,agawenlu,"fS2*=WL|q,~1,"
Willow Boundey,wboundeylv,jB0_<8OltQ
Hayyim Jahnisch,hjahnischlw,fN1(s#msfBsih5H
Eugen Hinkes,ehinkeslx,oR7_*/~O_ha5lvGs
Barret Carah,bcarahly,rL5&giW$
Freida Van der Daal,fvanlz,yZ5`G5}U@W
Rex Stango,rstangom0,mK7'wCaP{2=ag1yZ
Thomasine Joire,tjoirem1,kE2/mW#H><fy
Neala Gergolet,ngergoletm2,gW1>U(P~W|
Brook Santer,bsanterm3,"xF9?3q.%""#K+5q"
Con Sagerson,csagersonm4,lW6\{umQ49u
Bar Shone,bshonem5,pL0`FJ9(zL
Nicola Sabin,nsabinm6,bE1#sXso)Dz>(G
Jethro Ivanovic,jivanovicm7,lJ9!kcdOAp4.yK
Hardy Demko,hdemkom8,fU2}IGj?LQ_W*U7
Ansell Lowrance,alowrancem9,aO3@T0#XdV8xWBg
Spenser Chaim,schaimma,lD2.+29X`N|
Thomasa Stokoe,tstokoemb,yJ2\Qr<H15
Alonso Reditt,aredittmc,zC3*HHP~XYQ}{
Jeane Clerke,jclerkemd,iW3`Uv?YHE{f
Geoffry Lavers,glaversme,jR9{#aUfU>J
Feodora Muston,fmustonmf,yW3&{rCMz|DIrEq
Rabbi Chooter,rchootermg,hJ3+=g=i
Myrtia Cominotti,mcominottimh,"qS1=9'""tFmc5"
Jemmy Hannigane,jhanniganemi,aU0_3gS.
Erina Wingfield,ewingfieldmj,eJ8_(=f/|EGC7
Janella Limerick,jlimerickmk,nE2@2U!0w.T
Vernice Snowding,vsnowdingml,bJ5!+6D}MY_kgS
Lanny O'Glassane,loglassanemm,"vQ6,Zpc~70"
Dona Challin,dchallinmn,wA4>{mETYdxy9pGa
Catarina Tout,ctoutmo,"sJ8`T|""bim*iR$Cn"
Virgina Chatband,vchatbandmp,pO9+(/hsn
Caleb Marmion,cmarmionmq,lR2*8{18S?N|
Rasia Hedges,rhedgesmr,nE4@.T|kaN/Y
Gertrud Gorman,ggormanms,"xD6!$UYHAIRk3""jR"
Maddie Bidgood,mbidgoodmt,mF6|25ADjUD
Lyndell Petrozzi,lpetrozzimu,aL5\Wh<j>Y
Charmine Sparey,cspareymv,bO9)5Td4
Konstanze Viscovi,kviscovimw,xO6|@cqB5Bavo
Evelina Steynor,esteynormx,qE0#j0$!!T5
Wynne Luebbert,wluebbertmy,oZ1(/I3R_ma
Melamie Beazey,mbeazeymz,"jF9""kl05ZM@gq}8V"
Julian Chanter,jchantern0,lN9@llUS
Stephana Brimelow,sbrimelown1,aU5$uh@%Z
Sabra Clayworth,sclayworthn2,cV0*|}*97
Kelsey Hartigan,khartigann3,wM9~)A*Em0_qn\l
Ariel Dullaghan,adullaghann4,bT2%)bq4
Walsh Ravel,wraveln5,pV2#=RL`xw8d/
Dacia Grealey,dgrealeyn6,wQ8)sapi<Ri
Lesli Naismith,lnaismithn7,nJ3.|=c@VI
Elvera Waddicor,ewaddicorn8,"oD7`>=Yf""W}>{Ak"
Ambros Behnecken,abehneckenn9,"mB1""vYQo6hj|O@iv"
Anne-marie Fasey,afaseyna,sA4>|lSo
Langsdon Brahams,lbrahamsnb,"jT2!Q""&7#zmj"
Cristine Ellcome,cellcomenc,kY3{hM%`0z.bG
Gawen Woodburn,gwoodburnnd,uU4/5%yrqc
Sonny Caulwell,scaulwellne,aW8&V'={qI_d8z0
Georas Dilks,gdilksnf,"mH2.""ig)kCpc95"
Ephrayim Orriss,eorrissng,pA3|q`%iLhE.+%_
Suzanna Di Bartolommeo,sdinh,xE6'hh#$Iq/%k
Daisie Pavkovic,dpavkovicni,uS7_l4H28jiC
Almira Sinclar,asinclarnj,"gH5~,ZxE1<3Q"
Adel Klimes,aklimesnk,lY0~<M0l
Alyda Dornin,adorninnl,"aQ6|bi\=\I`}/"""
Elyn Sangar,esangarnm,qJ2|F@Urkn7Rbj=&
Raina Gentreau,rgentreaunn,xZ4\}s}@K=s
Annnora Greenrodd,agreenroddno,"wS2&nVW,KJtQ?UB"
Nataniel Whylie,nwhylienp,"nA9""$$Li(i)1,zr7"
Byrann Nisius,bnisiusnq,"tI1=G"",\(z)O!a"
Ruthann Pear,rpearnr,"pA5""+zlEHf"
Derron Wilstead,dwilsteadns,kX9#3oNI`SPNfeS
Spenser Durston,sdurstonnt,"dF1@v/7},d%4w"
Danita Meuse,dmeusenu,fM3.En*).>@i
Hewie Sighard,hsighardnv,vC8\y\c&0a
Lane Rubberts,lrubbertsnw,iA1#_E@/69D7_9
Jason Aylin,jaylinnx,"qG0(@5Xkac,r"
Siffre Kaminski,skaminskiny,uC4..p}=/
Darbee Dallyn,ddallynnz,mQ1=MhoErND6
Leilah Tapp,ltappo0,pG9~SYiLh>ivq
Lesya Goeff,lgoeffo1,"dG7?""pnK"
Myrta Brennen,mbrenneno2,"qS8$""Eh7Ghh+|TW"
Maximo Godney,mgodneyo3,"mU7,(6(bc+"
Ahmad Slessar,aslessaro4,qK3~?WWWlCRJ
Iolande Khadir,ikhadiro5,sG9?@fb}~
Elisabeth Josse,ejosseo6,hB2&v@J5R1d
Dennet Ofener,dofenero7,cB1}ycb*XrN31
Odelinda Lamshead,olamsheado8,sG2}}4rRu+k~D
Bryce Rives,briveso9,eU5~!UnpBlG
Umberto Bodley,ubodleyoa,xU4<b/TDe
Glynn Rizzi,grizziob,"vF6$N!{"""
Ameline Camelin,acamelinoc,gT4)ilvDrHV
Marius Fairleigh,mfairleighod,mH8_66>#OiD}Rz/
Loy Daal,ldaaloe,fR3}vnA0
Tedd Findley,tfindleyof,kF9@>Td5HA
Reinold Caswell,rcaswellog,"qX6*44fD5W$xV""/"
Nanette Willavize,nwillavizeoh,cM5&<oA+t|s6@XtT
Laverna McPeeters,lmcpeetersoi,zA8.rje9po)
Lorilee Hilbourne,lhilbourneoj,"pP3""\F\.m9Io"
Allyn Blaze,ablazeok,aQ4\F<cxtJ{a2
Gwendolen Morfey,gmorfeyol,gP2'r/yMfK=
Law Spratt,lsprattom,cD1<_ils+q*)L&
Cristobal Gilchriest,cgilchrieston,hD5{9wDs?Tes
Adelle Faux,afauxoo,rQ0|yL2oWE
Tony Windebank,twindebankop,jB9>}pnO6qN
Dominik Burne,dburneoq,qV4('e7jrc
Luce Helm,lhelmor,oB2<B#Z)MPa
Starlin Greeding,sgreedingos,mU4!RWq0#{x
Hadley Norquoy,hnorquoyot,qB9)qnq9<F)!+!l
Helen Shellshear,hshellshearou,hG6@q7'zsODT9I
Beatrix Broker,bbrokerov,zW3!S3De
Dixie Pedrick,dpedrickow,eH2!(OkOD
Robin Boulter,rboulterox,oW4<2W}a
Niccolo Yurkov,nyurkovoy,mI6.ah&Idd5
Stormi Jakubovski,sjakubovskioz,nX2'a0g_6X>@G\
Cortney Columbell,ccolumbellp0,"lF0%F1""R"
Chantalle Petticrew,cpetticrewp1,hH1+=MH4fQw2dwI
Engelbert Gear,egearp2,vE4{cXI#0
Westley Geffcock,wgeffcockp3,"sO3""3SXAy/"
Junia Fleeman,jfleemanp4,"nK2\N.@i1,t"
Meir Feaster,mfeasterp5,vH1%{h#4%
Fidela Delmonti,fdelmontip6,iI3@Z=e4lA5udi+
Charmine Arlett,carlettp7,dF0{7GyD}gw$~Cf
Romonda Edlestone,redlestonep8,jO9=foNh>_
Isiahi Culwen,iculwenp9,pK3!{|kXfW)'Y1o
Alyson Ilchuk,ailchukpa,tS2$$0K(oA%
Retha Killeen,rkilleenpb,iF3\}*2n{xnWn
Gaspar Dimock,gdimockpc,uT2(XYs/2JSiQk
Odelle Teml,otemlpd,"kT4}_@,'13YzZP1E"
Juliana Shilliday,jshillidaype,kC5+#OtFKDWeD
Saidee Dowderswell,sdowderswellpf,"lP9'I}>M#|,"
Gleda Druett,gdruettpg,cG6%n1GB$a.Bf
Caralie Guinery,cguineryph,xR3{><lUQxF`=Fy
Rancell Hubbucks,rhubbuckspi,lV5{B>V'*|<9e9
Magdalene Dmtrovic,mdmtrovicpj,"iB1'v~J|?A(""d~"
Loleta Storks,lstorkspk,kI0're\{wO)J
Nil Cordingly,ncordinglypl,uK9$n0z#rgq
Sheridan McGarrell,smcgarrellpm,"uG0""7wI`#"
Dusty Dudeney,ddudeneypn,pQ5$h`pw`D%HCY
Norina Willgoss,nwillgosspo,"cY6$0e""X>%`H7"
Marcy Fippe,mfippepp,nG5$hO*wD
Farley Hawford,fhawfordpq,"zL9,/m/3H?jnOh"
Luisa Krale,lkralepr,bK6#oFjgA|q3gS
Freida Lukins,flukinsps,aW9'%0E_.
Naomi Saffin,nsaffinpt,"sY3,v{Pi!"
Anallise Felgate,afelgatepu,rG2%&0~)9().
Mathilda State,mstatepv,qK8(wcmc_X<`#NU
Cristi McMakin,cmcmakinpw,nD0$iBFQ
Silvie Shreeve,sshreevepx,"bD8{/idY,aTb!."
Penelope Freyne,pfreynepy,hG5?o~4b943
Artur Robelet,arobeletpz,lY9&vw#Ty(*)
Scott Saffin,ssaffinq0,jO3=)pD4qES+U/kC
Georg Plank,gplankq1,"jP2~ayLi7Hq'R,Un"
Britni Featonby,bfeatonbyq2,cL4_RW$N#
Leroi Perfect,lperfectq3,jJ4!jBdeQy(#
Glynis Smalman,gsmalmanq4,wP9\R740.!
Virge Schubart,vschubartq5,oT7`Du`LL(8'h}
Kylynn Loghan,kloghanq6,oQ6>ACz6a
Matthiew Chisholm,mchisholmq7,gD3}zfP.{\f/
Tedman Oxbrough,toxbroughq8,fQ7+w<ofE$
Stanton Lockton,slocktonq9,oR2\3MA`%CX}
Nigel Radborn,nradbornqa,aB6!OPh?6uoOh
Cordie Merman,cmermanqb,yG7<=#>h
Robert Rowena,rrowenaqc,pF8!GXrc/Z1
Orelee Dickerline,odickerlineqd,"uO5(ai,CtKlZ"
Arin Maddick,amaddickqe,tE3\'&tk(W
Rania Merrien,rmerrienqf,"rY0\&|)""~cS"
Clementius McGraw,cmcgrawqg,iI8+~/>2/6nG
Symon Fittes,sfittesqh,"eM8""(YZN'kxZqX"
Roseline Bennitt,rbennittqi,pD9@Xijda4W~Fz/
Suzy Leah,sleahqj,cQ6`_Bmw#Ys
Brnaby Vallis,bvallisqk,"xS7<?""j{ta(F="
Fidelity Waadenburg,fwaadenburgql,eW1.Uo>0
Cloe Manderson,cmandersonqm,nV2|EZl<nq+
Junina Charlot,jcharlotqn,wR4/Ey{`OO8
Bernie Cranefield,bcranefieldqo,"kM8#l&V&&$mh,"
Lynea Minter,lminterqp,yC4'hXI+Tp
Hurleigh Rainard,hrainardqq,"lO7,GP``Y!y"
Evered Bennitt,ebennittqr,dD9?zBWcq6~vH
Dolorita Plampeyn,dplampeynqs,tU0)?B.e?
Neda Pinney,npinneyqt,gQ8=g=A?'D}QiL
Sibyl O'Leary,solearyqu,nZ4}yA>u4e1u~
Adella Pearlman,apearlmanqv,lR3=bg!@Yg
Cynthia Rogister,crogisterqw,bE9\LY1_&c`
Wynn Jaskiewicz,wjaskiewiczqx,rN5@eqYW
Karel Golda,kgoldaqy,"bT6%\\,PV6"
Sammy Habberjam,shabberjamqz,zZ9~wfb<$#nlSQ
Haley Zimmermeister,hzimmermeisterr0,gQ6/(&wRjHPWo+M
Janeen Harkin,jharkinr1,hT2'hq+6fu(Wh
Franciskus Leyman,fleymanr2,"cE9&%s0y8$wmZ""dy"
Betty Skeeles,bskeelesr3,"uV7{t,!{}0i"
Starlin Fintoph,sfintophr4,iH5}VR/T*H
Marven Thrasher,mthrasherr5,"yY2,.pf!deW*X8)"
Selena Palphramand,spalphramandr6,aM5$AEKQ
Thornie Vergine,tverginer7,aN3(J$!fd\
Lutero Wastell,lwastellr8,rN4{stTbIxm0hW=e
Jacquelyn Meffin,jmeffinr9,"hF9#""5(Aw%0G"
Dierdre Georgins,dgeorginsra,"aC2?,@hS(@4eH"
Wit East,weastrb,pS3%>@DFX>LoJ
Carmella Risbridge,crisbridgerc,rF0%1sE(6rKU
Caterina Fautly,cfautlyrd,xV7(G+#&q3Tc
Caritta Petchey,cpetcheyre,jK2=biZr*
Rafaela Haggett,rhaggettrf,bG2|%cSDbYujv6
Tatiana Monard,tmonardrg,"rQ8}p<,`y"
Babara Hounsom,bhounsomrh,pD5~&El>
Oswald Greenleaf,ogreenleafri,aO6\os8<a%jc_?Kw
Drucy Jandak,djandakrj,fT8`M{.Vf
Stuart Canlin,scanlinrk,zC2@=SOuE~`r*a6m
Teddi Antonat,tantonatrl,sW1&j}h=pGyAA
Dee dee Gwilt,ddeerm,pP4|h?G2
Alexandre Batten,abattenrn,vF4+ld{(
Constantino Blaycock,cblaycockro,"dI6""~7}{'2"
Hershel Thornthwaite,hthornthwaiterp,tS0}wJEf$qjH({
Cathrine Astlet,castletrq,vI3'~EcwAY~HiKiO
Tobie Lelliott,tlelliottrr,"oH4&D%J~""h*"
